names,,,,,,,,,,,,,,,,
Jeremy Accardo,,,,,,,,,,,,,,,,
Roberto Alomar,,,,,,,,,,,,,,,,
Alan Ashby,,,,,,,,,,,,,,,,
John Axford,,,,,,,,,,,,,,,,
Gerónimo Berroa,,,,,,,,,,,,,,,,
Casey Blake,,,,,,,,,,,,,,,,
Pat Borders,,,,,,,,,,,,,,,,
Melky Cabrera,,,,,,,,,,,,,,,,
Tom Candiotti,,,,,,,,,,,,,,,,
Ezequiel Carrera,,,,,,,,,,,,,,,,
Joe Carter,,,,,,,,,,,,,,,,
Rico Carty,,,,,,,,,,,,,,,,
Rick Cerone,,,,,,,,,,,,,,,,
Adam Cimber,,,,,,,,,,,,,,,,
Ernie Clement,,,,,,,,,,,,,,,,
Tyler Clippard,,,,,,,,,,,,,,,,
Marty Cordova,,,,,,,,,,,,,,,,
Ted Cox,,,,,,,,,,,,,,,,
Rajai Davis,,,,,,,,,,,,,,,,
David Dellucci,,,,,,,,,,,,,,,,
Mark DeRosa,,,,,,,,,,,,,,,,
Josh Donaldson,,,,,,,,,,,,,,,,
Edwin Encarnación,,,,,,,,,,,,,,,,
Sal Fasano,,,,,,,,,,,,,,,,
Tony Fernández,,,,,,,,,,,,,,,,
Cecil Fielder,,,,,,,,,,,,,,,,
Ben Francisco,,,,,,,,,,,,,,,,
Yan Gomes,,,,,,,,,,,,,,,,
Chris Gomez,,,,,,,,,,,,,,,,
Rene Gonzales,,,,,,,,,,,,,,,,
Anthony Gose,,,,,,,,,,,,,,,,
Alfredo Griffin,,,,,,,,,,,,,,,,
Brad Hand,,,,,,,,,,,,,,,,
Glenallen Hill,,,,,,,,,,,,,,,,
Dave Hollins,,,,,,,,,,,,,,,,
Willie Horton,,,,,,,,,,,,,,,,
Mike Huff,,,,,,,,,,,,,,,,
Joe Inglett,,,,,,,,,,,,,,,,
Cliff Johnson,,,,,,,,,,,,,,,,
Jeff Kent,,,,,,,,,,,,,,,,
George Kottaras,,,,,,,,,,,,,,,,
Aaron Laffey,,,,,,,,,,,,,,,,
Mark Lowe,,,,,,,,,,,,,,,,
Héctor Luna,,,,,,,,,,,,,,,,
Jordan Luplow,,,,,,,,,,,,,,,,
Luke Maile,,,,,,,,,,,,,,,,
Candy Maldonado,,,,,,,,,,,,,,,,
Sandy Martínez,,,,,,,,,,,,,,,,
John McDonald,,,,,,,,,,,,,,,,
Jayson Nix,,,,,,,,,,,,,,,,
Otis Nixon,,,,,,,,,,,,,,,,
Jorge Orta,,,,,,,,,,,,,,,,
Lance Parrish,,,,,,,,,,,,,,,,
Josh Phelps,,,,,,,,,,,,,,,,
Neil Ramírez,,,,,,,,,,,,,,,,
Domingo Ramos,,,,,,,,,,,,,,,,
Esmil Rogers,,,,,,,,,,,,,,,,
Phil Roof,,,,,,,,,,,,,,,,
Marc Rzepczynski,,,,,,,,,,,,,,,,
David Segui,,,,,,,,,,,,,,,,
Joe Smith,,,,,,,,,,,,,,,,
Cory Snyder,,,,,,,,,,,,,,,,
Justin Speier,,,,,,,,,,,,,,,,
Pat Tabler,,,,,,,,,,,,,,,,
Brian Tallet,,,,,,,,,,,,,,,,
Beau Taylor,,,,,,,,,,,,,,,,
Willie Upshaw,,,,,,,,,,,,,,,,
Gio Urshela,,,,,,,,,,,,,,,,
Jorge Velandia,,,,,,,,,,,,,,,,
Otto Vélez,,,,,,,,,,,,,,,,
Omar Vizquel,,,,,,,,,,,,,,,,
Turner Ward,,,,,,,,,,,,,,,,
Mitch Webster,,,,,,,,,,,,,,,,
Mark Whiten,,,,,,,,,,,,,,,,
Dave Winfield,,,,,,,,,,,,,,,,
Bradley Zimmer,,,,,,,,,,,,,,,,
Jeremy Accardo,,,,,,,,,,,,,,,,
John Axford,,,,,,,,,,,,,,,,
Jeff Beliveau,,,,,,,,,,,,,,,,
Bud Black,,,,,,,,,,,,,,,,
Willie Blair,,,,,,,,,,,,,,,,
Denis Boucher,,,,,,,,,,,,,,,,
Bryan Bullington,,,,,,,,,,,,,,,,
Tom Buskey,,,,,,,,,,,,,,,,
Tom Candiotti,,,,,,,,,,,,,,,,
Anthony Castro,,,,,,,,,,,,,,,,
Vinnie Chulk,,,,,,,,,,,,,,,,
Adam Cimber,,,,,,,,,,,,,,,,
Bryan Clark,,,,,,,,,,,,,,,,
Ernie Clement,,,,,,,,,,,,,,,,
Tyler Clippard,,,,,,,,,,,,,,,,
A.J. Cole,,,,,,,,,,,,,,,,
Víctor Cruz,,,,,,,,,,,,,,,,
Steve Davis,,,,,,,,,,,,,,,,
Oliver Drake,,,,,,,,,,,,,,,,
Gavin Floyd,,,,,,,,,,,,,,,,
Dave Freisleben,,,,,,,,,,,,,,,,
Justin Germano,,,,,,,,,,,,,,,,
Don Gordon,,,,,,,,,,,,,,,,
Mauro Gozzo,,,,,,,,,,,,,,,,
Preston Guilmet,,,,,,,,,,,,,,,,
Brad Hand,,,,,,,,,,,,,,,,
Steve Hargan,,,,,,,,,,,,,,,,
T.J. House,,,,,,,,,,,,,,,,
Jerry Johnson,,,,,,,,,,,,,,,,
Aaron Laffey,,,,,,,,,,,,,,,,
Dominic Leone,,,,,,,,,,,,,,,,
Mark Lowe,,,,,,,,,,,,,,,,
Shaun Marcum,,,,,,,,,,,,,,,,
Dave Maurer,,,,,,,,,,,,,,,,
Jack Morris,,,,,,,,,,,,,,,,
Phil Niekro,,,,,,,,,,,,,,,,
Daniel Norris,,,,,,,,,,,,,,,,
Tomo Ohka,,,,,,,,,,,,,,,,
Neil Ramírez,,,,,,,,,,,,,,,,
Nerio Rodríguez,,,,,,,,,,,,,,,,
Esmil Rogers,,,,,,,,,,,,,,,,
Marc Rzepczynski,,,,,,,,,,,,,,,,
Ken Schrom,,,,,,,,,,,,,,,,
Joe Smith,,,,,,,,,,,,,,,,
Justin Speier,,,,,,,,,,,,,,,,
Brian Tallet,,,,,,,,,,,,,,,,
Jeff Tam,,,,,,,,,,,,,,,,
David Weathers,,,,,,,,,,,,,,,,
Frank Wills,,,,,,,,,,,,,,,,
,,,,,,,,,,,,,,,,
,,,,,,,,,,,,,,,,
,,,,,,,,,,,,,,,,
,,,,,,,,,,,,,,,,
,,,,,,,,,,,,,,,,
,,,,,,,,,,,,,,,,
,,,,,,,,,,,,,,,,
,,,,,,,,,,,,,,,,
,,,,,,,,,,,,,,,,
,,,,,,,,,,,,,,,,
,,,,,,,,,,,,,,,,
,,,,,,,,,,,,,,,,
,,,,,,,,,,,,,,,,
,,,,,,,,,,,,,,,,
,,,,,,,,,,,,,,,,
,,,,,,,,,,,,,,,,
,,,,,,,,,,,,,,,,
,,,,,,,,,,,,,,,,
,,,,,,,,,,,,,,,,
,,,,,,,,,,,,,,,,
,,,,,,,,,,,,,,,,
,,,,,,,,,,,,,,,,
,,,,,,,,,,,,,,,,